feature,importance
veh_type,352.84906935691833
hour,328.91563844680786
day_of_week,216.72013998031616
event_cause,205.71757864952087
month,187.81889986991882
cause_severity,179.81218075752258
displacement_km,120.18083071708679
time_bucket,101.77600944042206
has_end_coords,41.982840061187744
event_type,38.51817035675049
is_rush_hour,24.733200073242188
vehicle_event_count,21.64231014251709
is_weekend,5.693740010261536
is_repeat_vehicle,0.0
