{
  "baseline": {
    "mae": 0.46043695887445885,
    "rmse": 1.579280868989769
  },
  "lgb_poisson": {
    "mae": 0.45986915218507257,
    "rmse": 1.5100756853372503,
    "improvement_pct": 0.12331909470827407
  }
}