{
  "weibull": {
    "c_index": 0.7053649681323695,
    "median_ae": 1.6949054748364167,
    "aic": 7884.161933948526
  },
  "lognormal": {
    "c_index": 0.7075645634219797,
    "median_ae": 1.5926333363615115,
    "aic": 8406.364446475645
  },
  "cox": {
    "c_index": 0.7074566658905617
  },
  "best": "lognormal"
}